<?xml version="1.0" encoding="UTF-8"?>
<beans
	xsi:schemaLocation="http://www.springframework.org/schema/beans http://www.springframework.org/schema/beans/spring-beans-3.0.xsd http://www.springframework.org/schema/context http://www.springframework.org/schema/context/spring-context-3.0.xsd"
	xmlns:context="http://www.springframework.org/schema/context" xmlns:p="http://www.springframework.org/schema/p"
	xmlns:xsi="http://www.w3.org/2001/XMLSchema-instance" xmlns="http://www.springframework.org/schema/beans">
	<context:component-scan base-package="com.controller.onlinebank" />
	<bean
		class="org.springframework.web.servlet.view.InternalResourceViewResolver">
		<property name="prefix">
			<value>/</value>
		</property>
		<property name="suffix">
			<value>.jsp</value>
		</property>
	</bean>
		
<bean id="ds" class="org.springframework.jdbc.datasource.DriverManagerDataSource">
<property name="driverClassName" value="oracle.jdbc.OracleDriver"></property>
<property name="url" value="jdbc:oracle:thin:@localhost:1521:xe"></property>
<property name="username" value="system"></property>
<property name="password" value="newuser123"></property>
</bean>
<bean id="jdbcTemplate" class="org.springframework.jdbc.core.JdbcTemplate">
<property name="dataSource" ref="ds"></property>

</bean>
<bean id="rd" class="com.dao.onlinebank.RegisterDAO">
<property name="jdbcTemplate" ref="jdbcTemplate"></property>
</bean>

<bean id="adao" class="com.dao.onlinebank.AdminDAO">
<property name="jdbcTemplate" ref="jdbcTemplate"></property>
</bean>

<bean id="ldao" class="com.dao.onlinebank.LoginDAO">
<property name="jdbcTemplate" ref="jdbcTemplate"></property>
</bean>

<bean id="bdao" class="com.dao.onlinebank.BeneficiaryDetailsDAO ">
<property name="jdbcTemplate" ref="jdbcTemplate"></property>
</bean>

<bean id="cdao" class="com.dao.onlinebank.ForgotPasswordDAO">
<property name="jdbcTemplate" ref="jdbcTemplate"></property>
</bean>

<bean id="tdao" class="com.dao.onlinebank.TransactionDAO">
<property name="jdbcTemplate" ref="jdbcTemplate"></property>
</bean>
	
	
	
</beans>